No,Brand,Company,Country of Origin,Market Size,B2B,B2C,Pricing,Ballpoint,Calligraphy,Gel pen,Marker,Fountain pen,Fineliner,Other,Customer,
1,Cleo Skribent,Cleo Schreibger�te GmbH,Germany,,,,,0,0,0,0,1,0,,03-Apr,,,,,,,,,,,,,,,,,,
2,Diplomat,Diplomat Pen GmbH,Germany,,,,,0,0,0,0,1,0,,03-Apr,,,,,,,,,,,,,,,,,,
3,Diplomat,Diplomat Pen GmbH,Germany,,,,,1,0,0,0,0,0,,3,,,,,,,,,,,,,,,,,,
4,Faber-Castell,Faber-Castell AG,Germany,,,,,1,0,0,1,1,0,,02-Mar,,,,,,,,,,,,,,,,,,
5,Faber-Castell Hexo Rollerball pen,,Germany,,,,,0,0,0,0,0,0,Rollerball pen,,,,,,,,,,,,,,,,,,,
6,Graf von Faber-Castell,,Germany,,,,,1,0,0,0,1,0,Rollerball pen,04-May,,,,,,,,,,,,,,,,,,
7,Heintze & Blanckertz,Heintze & Blanckertz GmbH,Germany,,,,,0,1,0,0,0,0,,2,,,,,,,,,,,,,,,,,,
8,Kaweco,h&m gutberlet GmbH,Germany,,,,,1,0,0,0,1,0,Rollerball pen,02-Mar,,,,,,,,,,,,,,,,,,
9,Lamy AL-Star Ballpoint pen,,Germany,,,,,1,0,0,0,0,0,,,,,,,,,,,,,,,,,,,,
10,Leuchtturm1917,Leuchtturm Gruppe GmbH & Co. KG,Germany,,,,,0,0,1,0,0,0,,2�3,,,,,,,,,,,,,,,,,,
11,Leuchtturm1918,Leuchtturm Gruppe GmbH & Co. KG,Germany,,,,,1,0,0,0,0,0,,2�3,,,,,,,,,,,,,,,,,,
12,Montblanc,Montblanc International GmbH,Germany,,,,,1,0,0,0,1,0,Rollerball pen,04-May,,,,,,,,,,,,,,,,,,
13,Online,Online Schreibger�te GmbH,Germany,,,,,1,0,0,1,1,0,Rollerball pen,1�2,,,,,,,,,,,,,,,,,,
14,Otto Hutt,Otto Hutt GmbH,Germany,,,,,1,0,0,0,1,0,Rollerball pen,4,,,,,,,,,,,,,,,,,,
15,Pelikan,Pelikan Holding AG,Germany,,,,,1,0,0,0,1,0,Rollerball pen,03-Apr,,,,,,,,,,,,,,,,,,
16,Rotring,Sanford/Newell Brands,Germany,,,,,0,0,0,1,0,1,,2,,,,,,,,,,,,,,,,,,
17,Schneider,Schneider Schreibger�te GmbH,Germany,,,,,1,0,0,1,1,0,Rollerball pen,1�2,,,,,,,,,,,,,,,,,,
18,Waldmann,Waldmann KG,Germany,,,,,1,0,0,0,1,0,Rollerball pen,4,,,,,,,,,,,,,,,,,,
19,Staedtler,Staedtler SE,Germany,,,,,1,1,1,1,1,1,Rollerball pen,,,,,,,,,,,,,,,,,,,
20,Schwan-Stabilo,Schwanh�usser Industrie Holding GmbH,Germany,,,,,1,0,1,1,1,0,Rollerball pen,02-Mar,,,,,,,,,,,,,,,,,,
21,FEEL,SCRIBO,Italy,5,1,1,8,0,0,0,0,1,0,0,4,,,,,,,,,,,,,,,,,,
22,LA DOTTA,SCRIBO,Italy,5,1,1,8,0,0,0,0,1,0,0,4,,,,,,,,,,,,,,,,,,
23,PIUMA,SCRIBO,Italy,5,1,1,8,0,0,0,0,1,0,0,4,,,,,,,,,,,,,,,,,,
24,TU,AURORA,Italy,5,1,1,6,0,0,0,0,1,0,Roller Pen,3,,,,,,,,,,,,,,,,,,
25,IPSILON,AURORA,Italy,5,1,1,5,1,0,0,0,1,0,Roller Pen,2,,,,,,,,,,,,,,,,,,
26,DUO CART,AURORA,Italy,5,1,1,7,0,0,0,0,1,0,0,4,,,,,,,,,,,,,,,,,,
27,STYLE,AURORA,Italy,5,1,1,5,1,0,0,0,1,0,Roller Pen,2,,,,,,,,,,,,,,,,,,
28,MAGELLANO,AURORA,Italy,5,1,1,6,1,0,0,0,1,0,Roller Pen,2,,,,,,,,,,,,,,,,,,
29,K,AURORA,Italy,5,1,1,6,1,0,0,0,1,0,Roller Pen,2,,,,,,,,,,,,,,,,,,
30,Optima,AURORA,Italy,5,1,1,8,0,0,0,0,1,0,0,4,,,,,,,,,,,,,,,,,,
31,HOMO SAPIENS,VISCONTI,Italy,5,1,1,9,0,0,0,0,1,0,0,4,,,,,,,,,,,,,,,,,,
32,CHECK MATE,VISCONTI,Italy,5,1,1,10,0,0,0,0,1,0,0,5,,,,,,,,,,,,,,,,,,
33,COMEDIA,VISCONTI,Italy,5,1,1,7,0,0,0,0,1,0,0,4,,,,,,,,,,,,,,,,,,
34,GALIO GALILLEI,VISCONTI,Italy,5,1,1,10,0,0,0,0,1,0,0,5,,,,,,,,,,,,,,,,,,
35,MEDICI,VISCONTI,Italy,5,1,1,8,1,0,0,0,1,0,Roller Pen,4,,,,,,,,,,,,,,,,,,
36,LOOKING EAST,VISCONTI,Italy,5,1,1,10,0,0,0,0,1,0,Roller Pen,5,,,,,,,,,,,,,,,,,,
37,VAN GOGH,VISCONTI,Italy,5,1,1,6,1,0,0,0,1,0,Roller Pen,3,,,,,,,,,,,,,,,,,,
38,AMERIGO VESPUCCI,VISCONTI,Italy,5,1,1,10,0,0,0,0,1,0,Roller Pen,5,,,,,,,,,,,,,,,,,,
39,MIRAGE,VISCONTI,Italy,5,1,1,6,1,0,0,0,1,0,Roller Pen,3,,,,,,,,,,,,,,,,,,
40,REMBRANDT,VISCONTI,Italy,5,1,1,6,0,0,0,0,1,0,0,3,,,,,,,,,,,,,,,,,,
41,IOPENNA,VISCONTI,Italy,5,1,1,7,0,0,0,0,1,0,Roller Pen,3,,,,,,,,,,,,,,,,,,
42,LIFE,MONTEGRAPPA,Italy,5,1,1,10,0,0,0,0,1,0,Roller Pen,4,,,,,,,,,,,,,,,,,,
43,REGAL YEAR,MONTEGRAPPA,Italy,5,1,1,10,0,0,0,0,1,0,0,5,,,,,,,,,,,,,,,,,,
44,ODYSSEY CHAPTER 1,MONTEGRAPPA,Italy,5,1,1,10,0,0,0,0,1,0,Roller Pen,5,,,,,,,,,,,,,,,,,,
45,FRANKEISTEIN,MONTEGRAPPA,Italy,5,1,1,10,0,0,0,0,1,0,0,5,,,,,,,,,,,,,,,,,,
46,SCARABEO,MONTEGRAPPA,Italy,5,1,1,10,0,0,0,0,1,0,Roller Pen,5,,,,,,,,,,,,,,,,,,
47,MARCONI,MONTEGRAPPA,Italy,5,1,1,10,0,0,0,0,1,0,Roller Pen,5,,,,,,,,,,,,,,,,,,
48,MAGNIFICA,MONTEGRAPPA,Italy,5,1,1,7,1,0,0,0,1,0,Roller Pen,4,,,,,,,,,,,,,,,,,,
49,GNOMO OBSESSION,MONTEGRAPPA,Italy,5,1,1,7,0,0,0,0,1,0,Roller Pen,4,,,,,,,,,,,,,,,,,,
50,MOMENTO ZERO,LEONARDO OFFICINA ITALIANA,Italy,5,1,1,8,0,0,0,0,1,0,0,4,,,,,,,,,,,,,,,,,,
51,MOMENTO ZERO GRANDE,LEONARDO OFFICINA ITALIANA,Italy,5,1,1,7,0,0,0,0,1,0,0,4,,,,,,,,,,,,,,,,,,
52,MZG MOSAICO,LEONARDO OFFICINA ITALIANA,Italy,5,1,1,7,0,0,0,0,1,0,0,4,,,,,,,,,,,,,,,,,,
53,MOMENTO MAGICO,LEONARDO OFFICINA ITALIANA,Italy,5,1,1,7,0,0,0,0,1,0,0,4,,,,,,,,,,,,,,,,,,
54,PURA,LEONARDO OFFICINA ITALIANA,Italy,5,1,1,7,0,0,0,0,1,0,0,4,,,,,,,,,,,,,,,,,,
55,SUPERNOVA REGULAR,LEONARDO OFFICINA ITALIANA,Italy,5,1,1,6,0,0,0,0,1,0,0,3,,,,,,,,,,,,,,,,,,
56,FURORE,LEONARDO OFFICINA ITALIANA,Italy,5,1,1,6,0,0,0,0,1,0,0,3,,,,,,,,,,,,,,,,,,
57,FURORE GRANDE,LEONARDO OFFICINA ITALIANA,Italy,5,1,1,7,0,0,0,0,1,0,0,4,,,,,,,,,,,,,,,,,,
58,Asprey,Asprey International Limited,UK,1,0,1,9,,,,,1,,,5,,,,,,,,,,,,,,,,,,
59,Beatrix potter,Beatrix potter,UK,1,0,1,2,1,,,,,,,4,,,,,,,,,,,,,,,,,,
60,Mabie Todd Swan,Mabie Todd & Co,UK,1,0,1,6,,,,,1,,,5,,,,,,,,,,,,,,,,,,
61,John Bull,John Bull,UK,1,0,1,6,,,,,1,,,5,,,,,,,,,,,,,,,,,,
62,Berol,Newell Brands,UK,3,1,1,1,1,,,,,,,2,,,,,,,,,,,,,,,,,,
63,Burberry,Burberry,UK,5,1,1,6,1,,,,,,,4,,,,,,,,,,,,,,,,,,
64,Burnham,Burnham,UK,1,0,1,5,,,,,1,,,5,,,,,,,,,,,,,,,,,,
65,Calton (Jewel),Jewel Pen Co.,UK,1,0,1,4,,,,,1,,,5,,,,,,,,,,,,,,,,,,
66,Cameron,MacNiven & Cameron,UK,1,0,1,4,,,,,1,,,5,,,,,,,,,,,,,,,,,,
67,Chatsworth (Boots),Burnham,UK,1,0,1,5,,,,,1,,,5,,,,,,,,,,,,,,,,,,
68,Colibri,Colibri,UK,3,1,1,4,1,,,,,,,2,,,,,,,,,,,,,,,,,,
69,Conway Stewart,Conway Stewart,UK,3,1,1,8,,,,,1,,,4,,,,,,,,,,,,,,,,,,
70,Croxley,Croxley,UK,3,1,1,5,,,,,1,,,2,,,,,,,,,,,,,,,,,,
71,Italix Parsons,MrPen,UK,3,0,1,4,,,,,1,,,4,,,,,,,,,,,,,,,,,,
72,Super Pen,Kendrick & jefferson,UK,1,1,1,6,,,,,1,,,5,,,,,,,,,,,,,,,,,,
73,Kingswood,Kingswood,UK,1,0,1,5,,,,,1,,,5,,,,,,,,,,,,,,,,,,
74,Lincoln,Lincoln,UK,1,0,1,5,,,,,1,,,5,,,,,,,,,,,,,,,,,,
75,tomsstudio,tomsstudio,UK,1,0,1,6,,,,,1,,,2,,,,,,,,,,,,,,,,,,
76,Ixion,Namisu LTD,UK,3,0,1,5,,,,,1,,,3,,,,,,,,,,,,,,,,,,
77,pocket-fox,shibuinorth,UK,2,0,1,6,,,,,1,,,4,,,,,,,,,,,,,,,,,,
78,Traditional,clydepencompany,UK,2,0,1,7,,,,,1,,,4,,,,,,,,,,,,,,,,,,
79,Hexagon,silverburlpens,UK,1,0,1,7,,,,,1,,,5,,,,,,,,,,,,,,,,,,
80,British museum pens,Onoto,UK,5,1,1,10,,,,,1,,,5,,,,,,,,,,,,,,,,,,
81,AJOTO,AJOTO,UK,2,0,1,6,,,,,,,Rollerball Pens,4,,,,,,,,,,,,,,,,,,
82,Karst,Karst,Australia (UK ops),4,1,1,2,1,,1,,,,,2,,,,,,,,,,,,,,,,,,
83,IZOD Pens,IZOD Pens,UK,2,1,1,6,,,,,1,,,5,,,,,,,,,,,,,,,,,,
84,SCRIBO,SCRIBO UK,Italy,3,1,1,8,,,,,1,,,5,,,,,,,,,,,,,,,,,,
85,William Hannah,William Hannah Ltd,UK,2,0,1,6,,,,,,,,4,,,,,,,,,,,,,,,,,,
86,Platignum,Mentmore,UK,3,0,1,2,1,,,,1,,,2,,,,,,,,,,,,,,,,,,
87,Simpole,Simpole,UK,1,0,1,3,,,,,1,,,1,,,,,,,,,,,,,,,,,,
88,Wyvern,Wyvern,UK,2,0,1,4,,,,,1,,,3,,,,,,,,,,,,,,,,,,
89,Yard-O-Led,Yard-O-Led,UK,5,1,1,10,,,,,1,,Pencil,5,,,,,,,,,,,,,,,,,,
90,Summit,Summit (Lang Pen Co.),UK,2,0,1,5,,,,,1,,,3,,,,,,,,,,,,,,,,,,
91,Scriveiner,Scriveiner Ltd.,UK,3,1,1,6,,,,,1,,Rollerball Pen,4,,,,,,,,,,,,,,,,,,
92,Loft Pens,Loft Pens,UK,2,0,1,5,,,,,1,,,4,,,,,,,,,,,,,,,,,,
93,Gilbert House Pens,Gilbert House Pens,UK,2,0,1,4,,,,,1,,,3,,,,,,,,,,,,,,,,,,
94,Rockster Pens,Rockster Pens,UK,2,0,1,5,,,,,1,,,4,,,,,,,,,,,,,,,,,,
95,Black Robin Pens,Black Robin Pens,UK,2,0,1,3,,,,,1,,,2,,,,,,,,,,,,,,,,,,
96,Belliver,Conway Stewart,UK,5,0,1,8,,,,,1,,,7,,,,,,,,,,,,,,,,,,
97,Churchill,Conway Stewart,UK,5,0,1,8,,,,,1,,,7,,,,,,,,,,,,,,,,,,
98,Churchill Heritage,Conway Stewart,UK,5,0,1,8,,,,,1,,,7,,,,,,,,,,,,,,,,,,
99,Lady Churchill,Conway Stewart,UK,5,0,1,8,,,,,1,,,7,,,,,,,,,,,,,,,,,,
100,Collectors,Conway Stewart,UK,5,0,1,8,,,,,1,,,7,,,,,,,,,,,,,,,,,,
101,Coronet,Conway Stewart,UK,5,0,1,8,,,,,1,,,7,,,,,,,,,,,,,,,,,,
102,Duro,Conway Stewart,UK,5,0,1,8,,,,,1,,,7,,,,,,,,,,,,,,,,,,
103,Marlborough,Conway Stewart,UK,5,0,1,8,,,,,1,,,7,,,,,,,,,,,,,,,,,,
104,Professionals,Conway Stewart,UK,5,0,1,8,,,,,1,,,7,,,,,,,,,,,,,,,,,,
105,Raleigh,Conway Stewart,UK,5,0,1,8,,,,,1,,,7,,,,,,,,,,,,,,,,,,
106,Series 100,Conway Stewart,UK,5,0,1,8,,,,,1,,,7,,,,,,,,,,,,,,,,,,
107,Series 58,Conway Stewart,UK,5,0,1,8,,,,,1,,,7,,,,,,,,,,,,,,,,,,
108,Silvicity,Conway Stewart,UK,5,0,1,8,,,,,1,,,7,,,,,,,,,,,,,,,,,,
109,Sterling Silver,Conway Stewart,UK,5,0,1,8,,,,,1,,,7,,,,,,,,,,,,,,,,,,
110,Wellington,Conway Stewart,UK,5,0,1,8,,,,,1,,,7,,,,,,,,,,,,,,,,,,
111,Winston,Conway Stewart,UK,5,0,1,8,,,,,1,,,7,,,,,,,,,,,,,,,,,,
112,303,Gillott,UK,4,1,0,1,,,,,1,,,2,,,,,,,,,,,,,,,,,,
113,850,Gillott,UK,4,1,0,1,,,,,1,,,2,,,,,,,,,,,,,,,,,,
114,291,Gillott,UK,4,1,0,1,,,,,1,,,2,,,,,,,,,,,,,,,,,,
115,404,Gillott,UK,4,1,0,1,,,,,1,,,2,,,,,,,,,,,,,,,,,,
116,1950,Gillott,UK,4,1,0,1,,,,,1,,,2,,,,,,,,,,,,,,,,,,
117,1290,Gillott,UK,4,1,0,1,,,,,1,,,2,,,,,,,,,,,,,,,,,,
118,1068A,Gillott,UK,4,1,0,1,,,,,1,,,2,,,,,,,,,,,,,,,,,,
119,Pocket pen,AJOTO,UK,1,1,1,1,,,,,,,Rollerball Pen,6,,,,,,,,,,,,,,,,,,
120,Brushed pen (Brass),AJOTO,UK,1,1,1,1,,,,,,,Rollerball Pen,6,,,,,,,,,,,,,,,,,,
121,Brushed pen (Aluminium),AJOTO,UK,1,1,1,1,,,,,,,Rollerball Pen,6,,,,,,,,,,,,,,,,,,
122,Brushed pen (Steel),AJOTO,UK,1,1,1,1,,,,,,,Rollerball Pen,6,,,,,,,,,,,,,,,,,,
123,Sterling Silver,AJOTO,UK,1,1,1,1,,,,,,,Rollerball Pen,9,,,,,,,,,,,,,,,,,,
124,The Good Blue,The Good Blue,UK,3,1,1,4,,,,,1,,,2,,,,,,,,,,,,,,,,,,
125,Spark Nibs,Spark Nibs,UK,3,1,1,6,,,,,1,,,3,,,,,,,,,,,,,,,,,,
126,Jack Row,Jack Row,UK,5,1,1,10,,,,,1,,,5,,,,,,,,,,,,,,,,,,
127,Beaufort Ink,Beaufort Ink,UK,4,1,1,5,,,,,,,Pen Kits,,,,,,,,,,,,,,,,,,,
128,Tom's Studio,Tom's Studio,UK,3,1,1,7,,1,,,1,,,3,,,,,,,,,,,,,,,,,,
129,AuRola,AuRola,UK,1,0,1,4,,,,,1,,,2,,,,,,,,,,,,,,,,,,
130,Worcester Pen Co.,Worcester Pen Company,UK,4,1,1,7,,,,,1,,,4,,,,,,,,,,,,,,,,,,
131,Kakimori,Kakimori Inc.,Japan,1,1,1,mid-premium,1,1,0,1,1,1,nip pens,young adults value craftmanship,,,,,,,,,,,,,,,,,,
132,Kuretake, Kuretake Co.,,,,,,,,,,,,,,,,,,,,,,,,,,,,,,,
133,Kyoto TAG ,AG Stationery (Takeda Jimuki),Japan,1,1,1,mid-premium,0,1,0,0,1,0,,Fountain pen lovers,,,,,,,,,,,,,,,,,,
134,Namiki,The Pilot Pen corporation,Japan,,,,,,,,,,,,,,,,,,,,,,,,,,,,,,
135,Pilot,The Pilot Pen corporation,Japan,,,,,,,,,,,,,,,,,,,,,,,,,,,,,,
136,Nakaya,Nakaya Fountain Pen Co.,Japan,1,1,1,Luxury,0,1,0,0,1,0,nibs,Fountain pen connoisseurs,,,,,,,,,,,,,,,,,,
137,Platinum,Platinum Pen Co.,,,,,,,,,,,,,,,,,,,,,,,,,,,,,,,
138,Sailor,Sailor Pen Company,Japan,4,1,1,Mid to Premium,1,1,1,1,1,1,brush pens,Writers,,,,,,,,,,,,,,,,,,
139,Taccia,Taccia Pen Company,Japan,1,1,1,Mid to Premium,0,1,0,0,1,0,,,,,,,,,,,,,,,,,,,,
140,Tomoe River,Sanzen Paper Co.,,,,,,,,,,,,,,,,,,,,,,,,,,,,,,,
141,Stationery Japan,Various,Japan,4,1,1,Varies,1,1,1,1,1,1,,General consumers,,,,,,,,,,,,,,,,,,
142,Uni-Ball,Mitsubishi Pencil Co.,,,,,,,,,,,,,,,,,,,,,,,,,,,,,,,
143,Zebra Pen,Zebra Co.,,,,,,,,,,,,,,,,,,,,,,,,,,,,,,,
144,Sakura,Sakura Color Products Corp.,Japan,4,1,1,Budget to Mid,1,1,1,1,0,1,Crayons,Artists,,,,,,,,,,,,,,,,,,
145,Pigma Micron,Sakura Color Products Corp.,Japan,4,1,1,Mid-range,0,1,0,0,0,1,,Artists,,,,,,,,,,,,,,,,,,
146,Copic Multiliner,Too Corporation,Japan,4,1,1,Mid-range,0,1,0,0,0,1,Technical drawing pens,Artists,,,,,,,,,,,,,,,,,,
147,Tombow Dual Brush Pen,Tombow Pencil Co.,,,,,,,,,,,,,,,,,,,,,,,,,,,,,,,
148,Copic Sketch,Too Corporation,Japan,4,1,1,Premium,0,1,0,1,0,0,,Professional,,,,,,,,,,,,,,,,,,
149,Copic Classic Markers,Too Corporation,Japan,4,1,1,Premium,0,1,0,1,0,0,,Professional,,,,,,,,,,,,,,,,,,
150,Copic Ciao Markers,Too Corporation,Japan,4,1,1,Mid-range,0,1,0,1,0,0,,Entry-level; Students and hobbyists seeking affordable yet high-quality markers.,,,,,,,,,,,,,,,,,,
151,Posca Paint Pens,Mitsubishi Pencil Co.,,,,,,,,,,,,,,,,,,,,,,,,,,,,,,,
152,Reynolds,Reynolds International Pen Company,India,5,1,1,1,1,0,1,1,1,1,Highlighters,,,,,,,,,,,,,,,,,,,
153,Cello,Cello Group,India,4,1,1,1,1,0,1,1,1,1,Highlighters,,,,,,,,,,,,,,,,,,,
154,Parker,Newell Brands Inc.,United Kingdom,4,1,1,3,1,0,1,1,1,1,Highlighters,,,,,,,,,,,,,,,,,,,
155,Waterman,Waterman S.A.,France,3,0,1,5,1,0,0,0,1,1,Ink Bottles,4,,,,,,,,,,,,,,,,,,
156,Hayman,Hayman,India ,2,1,1,1,1,0,1,0,1,1,Gift sets,1,,,,,,,,,,,,,,,,,,
157,LINC,Linc Pen & Plastics Ltd,India,4,1,1,1,1,0,1,1,0,1,Stationery,1,,,,,,,,,,,,,,,,,,
158,Luxor,Luxor Writing Instruments Pvt. Ltd,India,5,1,1,2,1,1,1,0,1,1,Office supplier,2,,,,,,,,,,,,,,,,,,
159,Pierre Cardin,Pierre Cardin Group,France,2,0,1,2,1,0,0,0,1,1,Gift sets,3,,,,,,,,,,,,,,,,,,
160,Pilot,Pilot Corporation,Japan,5,1,1,3,1,1,1,1,1,1,Mechanical Pencils,,,,,,,,,,,,,,,,,,,
161,Flair,Flair Writing Industries Ltd,India,3,1,1,1,1,0,1,1,1,1,Houseware,1,,,,,,,,,,,,,,,,,,
162,Montex,Montex Pens Industries Pvt. Ltd,India,2,1,1,1,1,0,1,0,1,0,Mechanical Pencils,,,,,,,,,,,,,,,,,,,
163,ADD,ADD Pens Pvt. Ltd,India,3,,1,1,0,0,1,0,0,0,Refills,1,,,,,,,,,,,,,,,,,,
164,Classmate,ITC Ltd,India,4,1,1,1,1,1,1,1,1,1,Notebooks,1,,,,,,,,,,,,,,,,,,
165,Camlin,Kokuyo Camlin Ltd,India,2,1,1,2,1,0,1,1,1,0,Pencils,,,,,,,,,,,,,,,,,,,
166,Bril,Bril India Pvt. Ltd,India,1,0,1,4,0,0,0,0,1,0,Ink Bottles,,,,,,,,,,,,,,,,,,,
167,Ratnamson,Ratnam Pen Works,India,4,0,1,5,0,0,0,0,1,0,Ink Bottles,,,,,,,,,,,,,,,,,,,
168,Artline,Shachihata Inc.,Japan,5,1,1,3,1,1,0,1,0,1,Stationery,,,,,,,,,,,,,,,,,,,
169,Montblanc,Montblanc International GmbH,Germany,3,0,1,8,1,1,0,0,1,0,Luxury Goods,5,,,,,,,,,,,,,,,,,,
170,Sheaffer,Sheaffer Pen Corporation ,USA,3,1,1,4,1,1,0,0,1,0,Gift set,3,,,,,,,,,,,,,,,,,,
171,Cross,A. T. Cross Company,,,,,,,,,,,,,,,,,,,,,,,,,,,,,,,
172,Lamy,C. Josef Lamy GmbH,Germany,4,1,1,4,1,1,1,0,1,1,Digital Pens,3,,,,,,,,,,,,,,,,,,
173,Magna Carta,Magna Carta,India,1,0,1,6,0,1,0,0,1,0,Custom nibs,4,,,,,,,,,,,,,,,,,,
174,Livescribe,Anoto Group AB,USA,1,1,1,8,1,0,0,0,0,0,Smartpen with audio recording,Tech interested proffesionals,,,,,,,,,,,,,,,,,,
175,Paper Mate,Newell Brands ,USA,5,1,1,2,1,0,1,1,0,1,Pencils,1,,,,,,,,,,,,,,,,,,
176,ASA Pens,ASA Pens,India,1,0,1,4,0,1,0,0,1,0,Custom nibs,3,,,,,,,,,,,,,,,,,,
177,Uni,MITSUBISHI PENCIL COMPANY,Japan,2,1,1,3,1,0,1,1,1,1,Art suplliers,2,,,,,,,,,,,,,,,,,,
178,Hero Pen,Shanghai Hero Pen Company ,China,5,1,1,2,0,0,0,0,1,0,None,2,,,,,,,,,,,,,,,,,,
179,Pentel,Pentel Co.,,,,,,,,,,,,,,,,,,,,,,,,,,,,,,,
180,ROtring,ROtring,Germany,4,1,1,4,1,1,0,1,1,1,technical Pens,3,,,,,,,,,,,,,,,,,,
181,Pelikan,Pelikan Holding AG,Germany,4,1,1,5,1,1,0,0,1,0,Inks,3,,,,,,,,,,,,,,,,,,
182,Jinhao,Shanghai Qiangu Stationery Company Ltd.,China,3,0,1,2,0,0,0,0,1,0,None,2,,,,,,,,,,,,,,,,,,
183,Baoer,Baoer Pen Company,China,2,0,1,2,0,1,0,0,1,0,None,2,,,,,,,,,,,,,,,,,,
184,OHTO,OHTO,Japan,2,1,1,3,1,0,1,0,1,1,Office suppliers,3,,,,,,,,,,,,,,,,,,
185,Franklin Covey,AT Cross Ltd,USA,2,1,1,3,1,0,0,0,1,0,Planners,3,,,,,,,,,,,,,,,,,,
186,Maped,Maped Helix USA,France,4,1,1,1,1,0,1,1,0,0,Schools supplies,1,,,,,,,,,,,,,,,,,,
187,Schneider,Schneider Schreibger�te GmbH,Germany,4,1,1,2,1,0,1,1,1,1,office supplies,2,,,,,,,,,,,,,,,,,,
188,Inoxcrom,Inoxcrom,Spain,2,1,1,2,1,0,1,0,1,0,None,2,,,,,,,,,,,,,,,,,,
189,TWSBI,TaShin Precision,Taiwan,1,0,1,4,0,0,0,0,1,0,None,3,,,,,,,,,,,,,,,,,,
190,Kaweco,KaWeCo - Federhalter-Fabrik Koch,,,,,,,,,,,,,,,,,,,,,,,,,,,,,,,
191,Wality / Airmail,Armail Pen Co.,India,2,0,1,2,0,0,0,0,1,0,None,2,,,,,,,,,,,,,,,,,,
192,Beena,Beena Pens,India,2,1,1,1,1,0,1,0,0,0,None,1,,,,,,,,,,,,,,,,,,
193,Submarine Pens,Submarine Pens,India,2,1,1,1,1,0,1,0,0,0,None,1,,,,,,,,,,,,,,,,,,
194,Hauser  ,HAUSER GERMANY,Germany,3,1,1,2,1,0,1,0,0,0,None,2,,,,,,,,,,,,,,,,,,
195,V'sign,Beena Pens,India,2,1,1,1,1,0,0,0,1,0,Stationary,1,,,,,,,,,,,,,,,,,,
196,Bic,Soci�t� Bic S.A.,France,5,1,1,1,1,1,0,0,1,1,1,1,,,,,,,,,,,,,,,,,,
197,Apsara,Hindustan Pencils Pvt. Ltd.,India,3,1,1,1,1,0,0,0,0,0,1,1,,,,,,,,,,,,,,,,,,
198,Saraswati ,M/s. Mangal Sain Trilok Chand Jain Pvt. Ltd.,India,2,1,1,1,1,0,0,0,0,0,1,1,,,,,,,,,,,,,,,,,,
199,Faber Castell,Faber-Castell Aktiengesellschaft,Germany,5,1,1,2,1,1,1,1,1,1,1,3,,,,,,,,,,,,,,,,,,
200,Lotus pens ,Lotus writing instruments,India ,1,0,1,7,0,0,0,0,1,0,None,4,,,,,,,,,,,,,,,,,,
201,Baoer,Shanghai QianGu,China,2,1,1,1,1,0,0,0,1,0,0,2,,,,,,,,,,,,,,,,,,
202,Duke (Golden Crown),Shanghai G Crown,China,3,1,1,4,0,0,0,0,1,0,0,5,,,,,,,,,,,,,,,,,,
203,Hero,Shanghai Hero,China,4,1,1,3,1,0,1,0,1,0,0,2,,,,,,,,,,,,,,,,,,
204,Jinhao (Shanghai Qian Gu Stationary Co Ltd ),Shanghai QianGu,China,4,1,1,3,0,0,0,0,1,0,0,1,,,,,,,,,,,,,,,,,,
205,Picasso,Shanghai Picasso,China,3,1,1,4,0,0,0,0,1,0,0,4,,,,,,,,,,,,,,,,,,
206,Wing Sung,Shanghai Wing Sung,China,4,1,1,1,0,0,0,0,1,0,0,5,,,,,,,,,,,,,,,,,,
207,Lanbitou,Lanbitou,China,2,1,1,2,1,0,0,0,1,0,0,2,,,,,,,,,,,,,,,,,,
208,Kaigelu,Kaigelu,China,2,1,1,4,0,0,0,0,1,0,0,4,,,,,,,,,,,,,,,,,,
209,PenBBS,PenBBS,China,2,1,1,3,0,0,0,0,1,0,1,5,,,,,,,,,,,,,,,,,,
210,Moonman,Moonman,China,3,1,1,3,0,0,1,0,1,0,1,2,,,,,,,,,,,,,,,,,,
211,Majohn,Majohn,China,2,1,1,3,0,0,1,0,1,0,0,2,,,,,,,,,,,,,,,,,,
212,Delike,Delike,China,2,1,1,3,0,1,0,0,1,1,0,4,,,,,,,,,,,,,,,,,,
213,Laban,Laban,Taiwan,3,1,1,6,1,0,0,0,1,0,0,4,,,,,,,,,,,,,,,,,,
214,Yiren,Yiren,China,2,1,1,2,1,0,1,0,1,0,0,2,,,,,,,,,,,,,,,,,,
215,Bookworm,Bookworm,China,1,1,1,1,1,0,1,0,0,0,0,2,,,,,,,,,,,,,,,,,,
216,Deli,Deli,China,5,1,1,2,1,0,1,1,0,1,1,3,,,,,,,,,,,,,,,,,,
217,Beifa,Beifa,China,5,1,1,2,1,0,1,1,0,1,1,1,,,,,,,,,,,,,,,,,,
218,Baoke,Baoke,China,4,1,1,2,1,0,1,1,1,1,1,1,,,,,,,,,,,,,,,,,,
219,Snowhite,Qingdao Changlong Stationery Co.,,,,,,,,,,,,,,,,,,,,,,,,,,,,,,,
220,M&G,Shanghai M&G Stationery Inc.,China,5,1,1,1,1,0,1,1,1,1,1,1,,,,,,,,,,,,,,,,,,
221,TrueColor Stationery,Guangdong Truecolor Stationery Co.,,,,,,,,,,,,,,,,,,,,,,,,,,,,,,,
222,Platignum,Snopake Brands,China,5,1,1,2,1,0,1,0,0,0,1,2,,,,,,,,,,,,,,,,,,
223,Paili,Nanchang Paili Pen Industry Co.,,,,,,,,,,,,,,,,,,,,,,,,,,,,,,,
224,Hongdian,Zhejiang Lishui Lantian Pen Industrial Co.,,,,,,,,,,,,,,,,,,,,,,,,,,,,,,,
225,BIC,BIC Corporate,France,5,1,1,1,1,0,0,0,0,0,0,1,,,,,,,,,,,,,,,,,,
226,Waterman,Newell Brands,United States,5,1,1,6,1,0,0,0,1,0,1,7,,,,,,,,,,,,,,,,,,
227,S.T Dupont,Diskson Consepts,France,5,1,1,8,1,1,0,0,1,0,1,8,,,,,,,,,,,,,,,,,,
228,Cartier,Richemont SA,France,5,1,1,8,1,0,0,0,1,0,0,7,,,,,,,,,,,,,,,,,,
229,Louis Vuitton,LVMH ,France,1,0,1,9,1,0,0,0,0,0,0,7,,,,,,,,,,,,,,,,,,
230,Yves Saint Laurent,Gucci,France,1,0,1,9,1,0,0,0,1,0,0,9,,,,,,,,,,,,,,,,,,
231,Maped ,Maped SAS,France,5,1,1,1,1,0,1,0,1,1,0,1,,,,,,,,,,,,,,,,,,
232,Chopard,Le Petit-Fils de L.-U. Chopard & Cie S.A.,France,5,1,1,8,1,0,0,0,1,0,0,7,,,,,,,,,,,,,,,,,,
233,Jean Pierre L�pine,Jean Pierre L�pine,France,1,0,1,6,1,0,1,1,1,0,0,9,,,,,,,,,,,,,,,,,,
234,Michel Perchin,Michel Perchin,France,1,0,1,10,0,0,1,0,1,0,0,9,,,,,,,,,,,,,,,,,,
235,Mora Stylos,Mora Stylos,France,1,0,1,9,0,0,0,0,1,0,0,9,,,,,,,,,,,,,,,,,,
236,Fred Faggionato,Fred Faggionato,France,1,0,1,7,0,0,0,0,1,0,0,9,,,,,,,,,,,,,,,,,,
237,Louis Codan,Louis Codan,France,1,0,1,4,1,0,0,0,1,0,1,3,,,,,,,,,,,,,,,,,,
238,La Plume d�Or,La Plume d�Or,France,1,0,1,8,0,0,0,0,1,0,0,9,,,,,,,,,,,,,,,,,,
239,Balmain,Mayhoola For Investments LLC,France,1,1,1,3,1,0,0,0,0,0,1,1,,,,,,,,,,,,,,,,,,
240,Bayard,Bayard,France,1,0,1,4,1,0,0,0,1,0,0,5,,,,,,,,,,,,,,,,,,
241,Estie Core,Esterbrook,United States,5,1,1,6,1,0,0,0,1,0,"Fountain, rollerballs, ballpoints",3,,,,,,,,,,,,,,,,,,
242,Estie Oversize,Esterbrook,United States,5,1,1,7,0,0,0,0,1,0,Oversized fountain pens,4,,,,,,,,,,,,,,,,,,
243,Estie Seasonal,Esterbrook,United States,5,1,1,8,0,0,0,0,1,0,Limited edition fountain pens,5,,,,,,,,,,,,,,,,,,
244,JR Pocket Pen,Esterbrook,United States,5,1,1,6,0,0,0,0,1,0,Compact fountain pens,3,,,,,,,,,,,,,,,,,,
245,Model J,Esterbrook,United States,5,1,1,7,0,0,0,0,1,0,Fountain,4,,,,,,,,,,,,,,,,,,
246,Camden,Esterbrook,United States,5,1,1,7,0,0,0,0,1,0,Fountain,4,,,,,,,,,,,,,,,,,,
247,Phaeton,Esterbrook,United States,5,1,1,5,0,0,0,0,1,0,Fountain,2,,,,,,,,,,,,,,,,,,
248,ATX,Cross,United States,5,1,1,6,1,0,0,0,1,0,"Fountain, ballpoint, roller",3.4,,,,,,,,,,,,,,,,,,
249,Bailey,Cross,United States,5,1,1,5,1,0,0,0,1,0,"Fountain, ballpoint, roller",3,,,,,,,,,,,,,,,,,,
250,Bailey Light,Cross,United States,5,1,1,3.4,1,0,0,0,1,0,"Fountain, ballpoint, roller",2.3,,,,,,,,,,,,,,,,,,
251,Calais,Cross,United States,5,1,1,5,1,0,0,0,1,0,"Fountain, ballpoint, roller",3,,,,,,,,,,,,,,,,,,
252,Century II,Cross,United States,5,1,1,6.7,1,0,0,0,0,0,"Ballpoint, roller",4,,,,,,,,,,,,,,,,,,
253,Classic Century,Cross,United States,5,1,1,"5,6,7",1,0,0,0,0,0,"Ballpoint, roller, other",3.4,,,,,,,,,,,,,,,,,,
254,Click,Cross,United States,5,1,1,4,1,0,0,0,0,0,"Ballpoint, roller, other",2,,,,,,,,,,,,,,,,,,
255,Coventry,Cross,United States,5,1,1,"4,5,6",1,0,0,0,1,0,"Fountain, ballpoint, roller, other",2.3,,,,,,,,,,,,,,,,,,
256,Edge,Cross,United States,5,1,1,5,1,0,0,0,1,0,"Fountain, ballpoint, roller",3,,,,,,,,,,,,,,,,,,
257,Tech Series,Cross,United States,5,1,1,"4,5,6",1,0,0,0,0,0,"Ballpoint, other",2.3,,,,,,,,,,,,,,,,,,
258,Townsend,Cross,United States,5,1,1,"5,6,7",1,0,0,0,1,0,"Fountain, ballpoint, roller",3.4,,,,,,,,,,,,,,,,,,
259,Wanderlust,Cross,United States,5,1,1,6,1,0,0,0,1,0,"Fountain, ballpoint, roller",3,,,,,,,,,,,,,,,,,,
260,ICON ,Sheaffer Pen Corporation,United States,5,1,1,6,1,1,0,0,1,0,"Fountain, Rollerball","1,3,4",,,,,,,,,,,,,,,,,,
261,,,,,,,,,,,,,,,,,,,,,,,,,,,,,,,,,
262,,,,,,,,,,,,,,,,,,,,,,,,,,,,,,,,,
263,Sheaffer Pen Corporation,William Pen Company,United States,5,1,1,4,0,0,0,0,1,0,fountain,3,,,,,,,,,,,,,,,,,,
264,,,,,,,,,,,,,,,,,,,,,,,,,,,,,,,,,
265,,,,,,,,,,,,,,,,,,,,,,,,,,,,,,,,,
266,,,,,,,,,,,,,,,,,,,,,,,,,,,,,,,,,
267,Sheaffer Pen Corporation,William Pen Company,United States,5,1,1,3,0,0,0,0,1,0,fountain,1.2,,,,,,,,,,,,,,,,,,
268,,,,,,,,,,,,,,,,,,,,,,,,,,,,,,,,,
269,,,,,,,,,,,,,,,,,,,,,,,,,,,,,,,,,
270,,,,,,,,,,,,,,,,,,,,,,,,,,,,,,,,,
271,Sheaffer Pen Corporation,William Pen Company,United States,5,1,1,5,0,0,0,0,1,0,fountain,3.4,,,,,,,,,,,,,,,,,,
272,,,,,,,,,,,,,,,,,,,,,,,,,,,,,,,,,
273,,,,,,,,,,,,,,,,,,,,,,,,,,,,,,,,,
274,,,,,,,,,,,,,,,,,,,,,,,,,,,,,,,,,
275,,,,,,,,,,,,,,,,,,,,,,,,,,,,,,,,,
276,Sheaffer Pen Corporation,William Pen Company,United States,5,1,1,2,0,1,0,0,1,0,fountain,1,,,,,,,,,,,,,,,,,,
277,,,,,,,,,,,,,,,,,,,,,,,,,,,,,,,,,
278,,,,,,,,,,,,,,,,,,,,,,,,,,,,,,,,,
279,,,,,,,,,,,,,,,,,,,,,,,,,,,,,,,,,
280,,,,,,,,,,,,,,,,,,,,,,,,,,,,,,,,,
281,,,,,,,,,,,,,,,,,,,,,,,,,,,,,,,,,
282,Sheaffer Pen Corporation,William Pen Company,United States,5,1,1,4,1,0,0,0,0,0,ballpoint,3,,,,,,,,,,,,,,,,,,
283,,,,,,,,,,,,,,,,,,,,,,,,,,,,,,,,,
284,,,,,,,,,,,,,,,,,,,,,,,,,,,,,,,,,
285,,,,,,,,,,,,,,,,,,,,,,,,,,,,,,,,,
286,Sheaffer Pen Corporation,William Pen Company,United States,5,1,1,5,1,0,0,0,0,0,Rollerball,3.4,,,,,,,,,,,,,,,,,,
287,,,,,,,,,,,,,,,,,,,,,,,,,,,,,,,,,
288,,,,,,,,,,,,,,,,,,,,,,,,,,,,,,,,,
289,Sheaffer Pen Corporation,William Pen Company,United States,5,1,1,3,1,0,0,0,0,0,Rollerball,1.2,,,,,,,,,,,,,,,,,,
290,,,,,,,,,,,,,,,,,,,,,,,,,,,,,,,,,
291,,,,,,,,,,,,,,,,,,,,,,,,,,,,,,,,,
292,,,,,,,,,,,,,,,,,,,,,,,,,,,,,,,,,
293,,,,,,,,,,,,,,,,,,,,,,,,,,,,,,,,,
294,,,,,,,,,,,,,,,,,,,,,,,,,,,,,,,,,
295,,,,,,,,,,,,,,,,,,,,,,,,,,,,,,,,,
296,Sheaffer Pen Corporation,William Pen Company,United States,5,1,1,5,1,0,0,0,1,0,"fountain, rollerball",3,,,,,,,,,,,,,,,,,,
297,,,,,,,,,,,,,,,,,,,,,,,,,,,,,,,,,
298,,,,,,,,,,,,,,,,,,,,,,,,,,,,,,,,,
299,Retro 51,"Retro 1951, Inc",United States,4,1,1,4,1,0,0,0,0,0,Rollerball,3,,,,,,,,,,,,,,,,,,
300,Retro 51,"Retro 1951, Inc",United States,4,1,1,5,0,0,0,0,1,0,fountain,4,,,,,,,,,,,,,,,,,,
301,Retro 51,"Retro 1951, Inc",United States,4,1,1,4,1,0,0,0,0,0,ballpoint,3,,,,,,,,,,,,,,,,,,
302,Retro 51,"Retro 1951, Inc",United States,4,1,1,4.5,1,0,0,0,0,0,Rollerball,3.4,,,,,,,,,,,,,,,,,,
303,Retro 51,"Retro 1951, Inc",United States,4,1,1,4,0,0,0,0,0,0,Rollerball,3,,,,,,,,,,,,,,,,,,
304,Retro 51,"Retro 1951, Inc",United States,4,1,1,4,1,0,0,0,0,0,Ballpoint,3,,,,,,,,,,,,,,,,,,
305,Retro 51,"Retro 1951, Inc",United States,4,1,1,6,0,0,0,0,1,0,Fountain,4,,,,,,,,,,,,,,,,,,
306,Retro 51,"Retro 1951, Inc",United States,4,1,1,"4,5,6",1,0,0,0,1,0,"Ballpoint, Fountain",3.4,,,,,,,,,,,,,,,,,,
307,,,,,,,,,,,,,,,,,,,,,,,,,,,,,,,,,
308,Retro 51,"Retro 1951, Inc",United States,4,1,1,5,0,0,0,0,0,0,Rollerball,3,,,,,,,,,,,,,,,,,,
309,,,United States,,,,,,,,,,,,,,,,,,,,,,,,,,,,,,
310,,,United States,,,,,,,,,,,,,,,,,,,,,,,,,,,,,,
311,,,United States,,,,,,,,,,,,,,,,,,,,,,,,,,,,,,
312,,,United States,,,,,,,,,,,,,,,,,,,,,,,,,,,,,,
313,Parker,Newell Rubbermaid,United States,5,1,0,"5,7,8",1,0,0,0,1,0,"Fountain, ballpoint",4.5,,,,,,,,,,,,,,,,,,
314,Parker,Newell Rubbermaid,United States,5,1,0,3.4,0,0,0,0,1,0,"Rollerball, Fountain",2.3,,,,,,,,,,,,,,,,,,
315,Parker,Newell Rubbermaid,United States,5,1,0,2.3,1,0,0,0,1,0,"Ballpoint, Fountain",2,,,,,,,,,,,,,,,,,,
316,Parker,Newell Rubbermaid,United States,5,1,0,5.6,1,0,0,0,1,0,"Ballpoint, Fountain",3.4,,,,,,,,,,,,,,,,,,
317,Parker,Newell Rubbermaid,United States,5,1,0,6,1,0,0,0,1,0,"Ballpoint, Fountain, Rollerball",4,,,,,,,,,,,,,,,,,,
318,Parker,Newell Rubbermaid,United States,5,1,0,3,1,0,0,0,1,0,"Ballpoint,Fountain",2,,,,,,,,,,,,,,,,,,
319,Parker,Newell Rubbermaid,United States,5,1,0,2.3,0,0,0,0,1,0,"Fountain, Rollerball",2,,,,,,,,,,,,,,,,,,
320,Parker,Newell Rubbermaid,United States,5,1,0,6.7,1,0,0,0,1,0,"Fountain, Rollerball, Ballpoint",4,,,,,,,,,,,,,,,,,,
321,Edison,Edison Pen Co.,United States,4,1,1,6,0,0,0,0,1,0,Fountain,5,,,,,,,,,,,,,,,,,,
322,Edison,Edison Pen Co.,United States,4,1,1,6,0,0,0,0,1,0,Fountain,5,,,,,,,,,,,,,,,,,,
323,Edison,Edison Pen Co.,United States,4,1,1,6,0,0,0,0,1,0,Fountain,5,,,,,,,,,,,,,,,,,,
324,Edison,Edison Pen Co.,United States,4,1,1,6,0,0,0,0,1,0,Fountain,5,,,,,,,,,,,,,,,,,,
325,Edison,Edison Pen Co.,United States,4,1,1,6,0,0,0,0,1,0,Fountain,5,,,,,,,,,,,,,,,,,,
326,Schon DSGN,Schon DSGN LLC,United States,4,1,1,6.7,0,0,0,0,1,0,"fountain, rollerball",4,,,,,,,,,,,,,,,,,,
327,Schon DSGN,Schon DSGN LLC,United States,4,1,1,6.7,1,0,0,0,1,0,"Fountain, Rollerball, Ballpoint",4,,,,,,,,,,,,,,,,,,
328,Conklin,YafaBrands,United States,4,1,0,6,0,0,0,0,0,0,"Fountain,rollerball",4,,,,,,,,,,,,,,,,,,
329,Conklin,YafaBrands,United States,4,1,0,5.6,1,0,0,0,1,0,"Fountain, Rollerball, Ballpoint",4,,,,,,,,,,,,,,,,,,
330,Conklin,YafaBrands,United States,4,1,0,6,1,0,0,0,1,0,"Fountain, Rollerball, Ballpoint",4,,,,,,,,,,,,,,,,,,
331,Conklin,YafaBrands,United States,4,1,0,6,1,0,0,0,1,0,"Fountain, Rollerball, Ballpoint",4,,,,,,,,,,,,,,,,,,
332,Conklin,YafaBrands,United States,4,1,0,6,1,0,0,0,1,0,"Fountain, Rollerball, Ballpoint",4,,,,,,,,,,,,,,,,,,
333,Conklin,YafaBrands,United States,4,1,0,5,1,0,0,0,1,0,"Fountain, Rollerball, Ballpoint",4,,,,,,,,,,,,,,,,,,
334,Conklin,YafaBrands,United States,4,1,0,6,1,0,0,0,1,0,"Fountain, ballpoint",3,,,,,,,,,,,,,,,,,,
335,Conklin,YafaBrands,United States,4,1,0,4,1,0,0,0,1,0,"Fountain, ballpoint",3,,,,,,,,,,,,,,,,,,
336,Conklin,YafaBrands,United States,4,1,0,6.7,0,0,0,0,1,0,Fountain,4,,,,,,,,,,,,,,,,,,
337,Conklin,YafaBrands,United States,4,1,0,5.6,1,0,0,0,1,0,"Fountain, ballpoint",4,,,,,,,,,,,,,,,,,,
338,Conklin,YafaBrands,United States,,1,0,,0,0,0,0,0,0,,,,,,,,,,,,,,,,,,,,
339,Papermate,Newell Custom Writing Instrtuments,United States,5,1,1,2,0,0,1,0,0,0,Gel,2,,,,,,,,,,,,,,,,,,
340,Papermate,Newell Custom Writing Instrtuments,United States,5,1,1,3,1,0,0,0,0,0,ballpoint,3,,,,,,,,,,,,,,,,,,
341,Parker,Newell Custom Writing Instrtuments,United States,5,1,1,3,1,0,0,0,0,0,ballpoint,3,,,,,,,,,,,,,,,,,,
342,Papermate,Newell Custom Writing Instrtuments,United States,5,1,1,2,0,0,0,0,0,1,fineliner,2,,,,,,,,,,,,,,,,,,
343,Sharpie,Newell Custom Writing Instrtuments,United States,5,1,1,2,0,0,0,1,0,0,marker,1,,,,,,,,,,,,,,,,,,
344,Parker,Newell Custom Writing Instrtuments,United States,5,1,1,4,0,0,0,0,1,0,Fountain,4,,,,,,,,,,,,,,,,,,
345,,Newell Custom Writing Instrtuments,United States,,1,1,,0,0,0,0,0,0,,,,,,,,,,,,,,,,,,,,
346,"RevMark, Garland",Pen Company of America,United States,4,1,1,2,1,0,0,0,0,0,ballpoint,3,,,,,,,,,,,,,,,,,,
347,RevMark,Pen Company of America,United States,4,1,1,2,0,0,0,1,0,0,marker,2,,,,,,,,,,,,,,,,,,
348,Garland,Pen Company of America,United States,3,1,1,3,1,0,0,0,0,0,stylus,3,,,,,,,,,,,,,,,,,,
349,,,,,,,,0,0,0,0,0,0,,,,,,,,,,,,,,,,,,,,
350,,Speedball Art Products,United States,3,1,1,2,0,1,0,0,0,0,Fountain,2.3,,,,,,,,,,,,,,,,,,
351,1911,Sailor Pen Company,Japan,5,1,0,"4,7",1,0,0,0,1,0,,4,,,,,,,,,,,,,,,,,,
352,Naginata,Sailor Pen Company,Japan,5,1,0,9,0,0,0,0,1,0,,5,,,,,,,,,,,,,,,,,,
353,Pro Gear,Sailor Pen Company,Japan,5,1,0,8,0,0,0,0,1,0,,4,,,,,,,,,,,,,,,,,,
354,Sakura,Sailor Pen Company,Japan,5,1,0,10,0,0,0,0,1,0,,5,,,,,,,,,,,,,,,,,,
355,Profit JR,Sailor Pen Company,Japan,5,1,0,4,0,0,0,0,1,0,,2,,,,,,,,,,,,,,,,,,
356,TUZU,Sailor Pen Company,Japan,5,1,0,4,0,0,0,0,1,0,,2,,,,,,,,,,,,,,,,,,
357,Maki-E,Sailor Pen Company,Japan,5,1,0,4,1,0,0,0,0,0,,2,,,,,,,,,,,,,,,,,,
