Title,Subreddit,URL,Score,Num Comments
My BiC Biro Cristal Collection,CoolCollections,https://i.redd.it/6kn2wrdo2zre1.jpeg,190,13
"TIL The Bic Cristal is the bestselling pen of all time, selling over 100 billion units, but had an infamously terrible spinoff. The ""Bic Cristal for Her"" was a pink version targeted at women that sold poorly, was publicly mocked, and inducted into the Museum of Failure.",todayilearned,https://en.wikipedia.org/wiki/Bic_Cristal,3083,223
BIC Cristal,DesignPorn,https://i.redd.it/hl1kgwh1bjsd1.jpeg,1763,116
"Mods are asleep, upvote pictures of Bic Cristals",fountainpens,https://i.redd.it/pjw8rx3mr2o61.jpg,7562,213
BiC has sold an average of around 60 disposable Cristal pens per second for 75 years.,Anticonsumption,https://i.redd.it/1l9iny4airue1.jpeg,981,78
"The chandeliers and chairs at BICâ€™s headquarters in Shelton, CT are based on their Cristal pen!",GTAGE,https://i.redd.it/5j68clmjlo471.jpg,13516,116
The Bic pen (BIC Cristal) History,Damnthatsinteresting,https://i.redd.it/oy1fjvelryo91.jpg,1941,121
Any pen preferences here? Anything better than a bic cristal ball point?,CasualUK,https://i.redd.it/d6ss805zb99c1.jpeg,280,442
"At BICâ€™s headquarters in Connecticut, they have decorations around the building inspired by/made from the BIC Cristal.",mildlyinteresting,https://i.redd.it/vqfed2hytm471.jpg,3153,65
A qui appartiennent les marques de ce que vous achetez en supermarchÃ© ? J'ai fait le tour d'un drive et j'ai tout sourcÃ© pour y voir plus clair.,france,https://www.reddit.com/r/france/comments/1ji308v/a_qui_appartiennent_les_marques_de_ce_que_vous/,1963,228
A single line plotted with a Bic Cristal pen,PlotterArt,https://i.imgur.com/tnZGc5Z.jpeg,296,18
My BiC Biro Cristal Collection,pens,https://i.redd.it/2yuepjlw2zre1.jpeg,80,26
"Dutch inventor of the cassette tape, Lou Ottens has died aged 94",news,"https://www.dutchnews.nl/news/2021/03/dutch-inventor-of-the-audio-cassette-tape-dies-aged-94/#:~:text=Lou%20Ottens%2C%20inventor%20of%20the,working%20for%20Philips%20in%201952.",45589,936
Retractable ballpoint with similar slim feel to a Bic Cristal,pens,https://www.reddit.com/r/pens/comments/1imze6s/retractable_ballpoint_with_similar_slim_feel_to_a/,7,45
"This is BiC Cristal. From 1950 till 2006, this pen has been sold 100 billion times. It took 56 years to sell 100 billion units of the most iconic pen around the world. That's 100Ã—1000 million units sold. Meanwhile Jeff Bezos' net worth is about twice that, 200 billion US dollars. Let that sink in.",ThatsInsane,https://i.redd.it/9qqu2d6xy1nd1.jpeg,87,59
"I see the BIC Cristal, and raise you the Ballograf Epoca",DesignPorn,https://i.redd.it/902k2ltwtlsd1.jpeg,316,21
Good to know,notinteresting,https://i.redd.it/m87jca1kduj91.png,18085,311
"So I donâ€™t know if this is allowed, butâ€¦ these are back from my time working at BIC in 2016â€¦ thought you guys might think this is neat! A chandelier and chairs made of/based on the iconic BIC Cristal.",pens,https://www.reddit.com/gallery/nx4wib,1065,35
Please compair Parker QuinkFlow and BiC Cristal ink,pens,https://www.reddit.com/gallery/1jpkg3v,17,18
Picked up a metal bodied BIC Cristal today,EDC,https://i.redd.it/17bum3pfmaoc1.jpeg,300,29
My trusty black ink Bic Cristal ðŸ¥°,pens,https://i.redd.it/ocwg3l1kmbce1.jpeg,83,18
"Got my first ""nicer"" pen today, the Bic Cristal Re-New (and a pack of Moleskine notebooks)!",pens,https://i.redd.it/4hkhg13d0kwe1.jpeg,47,7
Ballpoint pen up close (BIC cristal 1.6mm),InterestingGifs,https://v.redd.it/iuch9h68ngt71,1166,19
Pen that uses BIC Cristal ink cartridge?,pens,https://www.reddit.com/r/pens/comments/1jb333n/pen_that_uses_bic_cristal_ink_cartridge/,11,15
Thoughts on the Bic Cristal?,pens,https://www.reddit.com/r/pens/comments/1c6svdh/thoughts_on_the_bic_cristal/,36,55
